assessed_total,sqft_main,bedrooms,year_built,base_year
601800,769,2,1944,2025
632400,832,2,1944,2025
306186,1357,4,1944,2026
605000,832,2,1945,2026
457000,832,2,1945,2026
703800,1267,3,1945,2025
470000,962,3,1945,2026
663000,769,2,1945,2025
642600,925,3,1944,2025
670000,1024,2,1945,2026
578941,1298,2,1944,2025
745000,985,2,1944,2026
620160,1045,4,1944,2025
725000,1522,3,1944,2026
467160,1095,3,1947,2025
690540,1032,3,1947,2025
729300,1036,3,1947,2025
665000,1056,3,1947,2026
720000,1284,3,1947,2026
739500,1032,3,1947,2025
902700,3331,3,1947,2025
729300,1020,3,1947,2025
651000,1036,3,1947,2026
663000,1162,3,1947,2025
739000,1450,4,1947,2026
665000,1148,3,1956,2026
640000,1036,3,1953,2026
753780,1428,3,1950,2025
765000,1821,5,1953,2026
675000,1066,3,1952,2026
530400,1012,3,1953,2025
640000,1101,2,1950,2026
719100,1388,3,1950,2025
765000,1424,4,1956,2025
780300,1148,3,1957,2025
755000,1476,3,1957,2026
730000,1528,3,1957,2026
694179,1877,4,1957,2025
690000,1524,4,1957,2026
45940,1148,3,1957,2026
660000,1148,3,1957,2026
683400,1148,3,1957,2025
227555,1068,3,1950,2025
676260,1101,3,1952,2025
493002,1482,5,1952,2025
663000,1842,3,1953,2025
622200,1145,3,1953,2025
731340,1071,3,1953,2025
632400,867,3,1953,2025
648720,903,3,1953,2025
607920,867,3,1953,2025
749700,1487,4,1953,2025
586500,1019,3,1959,2025
647700,1570,3,1959,2025
635000,1583,4,1959,2026
739500,1316,3,1952,2025
647700,1129,3,1951,2025
647700,1488,3,1951,2025
702780,1125,3,1951,2025
710000,1487,4,1951,2026
627300,796,2,1951,2025
664020,854,2,1951,2025
739500,1148,3,1951,2025
659940,1120,3,1951,2025
565000,1548,3,1950,2026
676260,1600,3,1951,2025
714000,1148,3,1951,2025
80848,1228,2,1951,2025
584511,749,2,1950,2025
632400,1026,3,1950,2025
666000,1026,3,1950,2026
504284,1041,3,1950,2026
560000,749,2,1950,2026
164687,1472,3,1950,2025
693600,1542,3,1950,2025
483540,1041,3,1950,2026
449039,1402,3,1949,2025
34133,796,2,1949,2025
678300,1990,3,1949,2025
515000,796,2,1949,2026
539615,1324,4,1954,2025
795000,2428,3,1954,2026
749700,1386,4,1954,2025
724200,1703,3,1949,2025
545500,1462,3,1954,2026
714000,1188,3,1949,2025
418848,900,2,1949,2026
693600,1204,3,1949,2025
744600,1510,4,1948,2025
530400,1312,3,1949,2025
540600,1578,2,1949,2025
420231,1319,4,1983,2025
614000,1431,3,1983,2026
428400,1419,3,1985,2025
586500,1280,3,2018,2025
780000,1965,4,1948,2026
739500,832,2,1948,2025
615000,1058,2,1948,2026
537604,1070,3,1948,2026
52468,832,2,1948,2025
576300,1070,2,1948,2025
745000,1860,3,1948,2026
642000,1070,2,1948,2026
765000,1430,3,1948,2026
647700,1012,3,1948,2025
622200,1252,2,1948,2025
652800,1052,2,1948,2025
640000,1078,2,1948,2026
600000,1104,3,1948,2026
615060,1104,3,1948,2025
620000,1083,3,1948,2026
814980,1406,3,1948,2025
575000,1512,3,1948,2026
750000,1104,3,1948,2026
545191,1512,4,1948,2025
594558,981,3,1953,2025
345734,1313,4,1954,2025
683400,1191,4,1954,2025
610000,1335,4,1954,2026
357000,1074,4,1954,2025
649740,1121,4,1954,2025
795000,1271,4,1954,2026
683400,1146,4,1954,2025
780300,1535,3,1954,2025
645000,1121,4,1954,2026
508992,1597,3,1954,2026
571200,1071,4,1954,2025
575000,1027,3,1954,2026
530400,798,2,1955,2025
554880,1153,2,1954,2025
298369,1008,2,1954,2026
598000,893,3,1953,2026
540000,1008,3,1955,2026
490000,798,2,1954,2026
610000,1036,3,1948,2026
370262,748,2,1950,2025
561000,808,2,1950,2025
540600,1209,3,1958,2025
745000,1040,3,1956,2026
37189,1044,3,1956,2025
612000,1265,3,1956,2025
683400,1040,3,1956,2025
620000,1589,3,1956,2026
470000,1044,3,1956,2026
739500,1044,3,1956,2025
683400,1044,3,1956,2025
613041,1480,4,1956,2025
617100,1008,2,1955,2025
608000,1157,3,1947,2026
810000,1677,4,1947,2026
10914,,,,2025
606900,817,2,1954,2025
640000,1558,3,1983,2026
605000,708,2,1925,2026
51445,1812,4,1949,2025
639000,1363,3,1949,2026
550000,968,2,1950,2026
637500,782,2,1950,2025
772140,1937,4,1950,2025
599392,1069,3,1952,2025
636582,1113,3,1952,2025
600000,858,2,1950,2026
598740,1008,2,1950,2025
45431,1327,4,1952,2025
637500,1259,3,1952,2025
750000,1068,3,1951,2026
715000,1446,3,1951,2026
655000,1621,3,1952,2026
699000,1105,2,1950,2026
565998,768,2,1950,2025
715000,1368,3,1951,2026
745000,1309,2,1951,2026
271302,1515,4,1951,2025
754800,1592,4,1951,2025
596700,1385,3,1950,2025
612000,1447,3,1950,2025
663000,1662,3,1950,2025
627300,971,2,1951,2025
710000,1738,2,1950,2026
600000,768,2,1950,2026
575876,1120,2,2024,2025
553997,1120,2,2024,2025
647001,1570,3,2024,2025
615428,1450,3,2024,2025
661937,1560,3,2024,2025
668084,1560,3,2024,2025
614973,1450,3,2024,2025
642213,1450,3,2024,2025
662751,1570,3,2024,2025
564563,1120,2,2024,2025
551809,1120,2,2024,2025
592205,1120,2,2024,2025
560613,1120,2,2024,2025
666872,1570,3,2024,2025
641750,1450,3,2024,2025
638728,1450,3,2024,2025
659929,1560,3,2024,2025
692289,1560,3,2024,2025
624214,1450,3,2024,2025
666373,1570,3,2024,2025
557940,1120,2,2024,2025
616291,1120,2,2024,2025
557990,1120,2,2024,2026
568971,1120,2,2024,2025
663020,1570,3,2024,2025
639808,1450,3,2024,2025
664677,1560,3,2024,2025
648618,1560,3,2024,2025
625158,1450,3,2024,2025
632193,1450,3,2024,2025
668588,1570,3,2024,2025
583881,1120,2,2024,2025
551990,1120,2,2024,2026
552000,1120,2,2024,2026
539990,1120,2,2024,2026
651086,1570,3,2024,2026
633413,1450,3,2024,2026
673592,1450,3,2024,2026
647797,1560,3,2024,2026
672641,1560,3,2024,2026
646029,1450,3,2024,2026
625915,1450,3,2024,2026
679609,1570,3,2024,2026
667990,1450,3,2024,2026
676435,1560,3,2024,2026
600000,1450,3,2024,2026
540500,1120,2,2024,2026
555000,768,2,1950,2026
601800,1103,3,1952,2025
663000,1088,3,1952,2025
635000,1200,2,1952,2026
555900,446,1,1950,2025
502148,1008,3,1950,2025
660960,1092,3,1951,2025
695000,1622,2,1949,2026
525300,778,2,1948,2025
230392,985,3,1953,2026
612000,1023,3,1954,2025
816000,1751,4,1954,2025
652000,1308,3,1962,2026
603000,987,3,1947,2026
430723,644,2,1937,2026
591247,1320,4,1959,2025
693600,1385,3,1959,2025
775000,1161,3,1959,2026
699000,1164,3,1959,2026
775000,1686,3,2022,2026
730000,1686,3,2022,2026
725000,1686,3,2022,2026
663000,1320,4,1959,2025
749700,1644,3,1959,2025
734400,1624,4,2003,2025
609418,1313,3,1956,2025
696150,1320,4,1959,2025
678300,1161,3,1959,2025
727260,1320,4,1959,2025
612000,774,2,1947,2025
846600,1447,3,1942,2025
775200,1604,3,1942,2025
719100,1090,3,1948,2025
647700,758,2,1948,2025
998000,3125,5,1948,2026
775200,1384,4,1949,2025
661980,1008,2,1948,2025
535000,1092,3,1951,2026
472190,1118,2,1951,2025
754800,3041,5,1951,2025
731000,1942,3,1951,2026
540000,1344,3,1951,2026
665000,1192,3,1951,2026
395204,1076,3,1951,2025
642600,1428,3,1951,2025
817000,1759,4,1951,2026
500000,1082,3,1951,2026
600000,1820,5,1951,2026
477861,1076,3,1951,2025
415000,1066,3,1951,2026
657900,1122,3,1951,2025
780000,2029,4,1951,2026
596700,1066,3,1951,2025
660000,1649,6,1951,2026
770000,1678,5,1951,2026
719100,1122,3,1951,2025
683400,1064,3,1959,2025
550000,1082,3,1951,2026
693600,1138,3,1951,2025
770000,1598,4,1951,2026
641580,1082,2,1951,2025
657900,728,2,1942,2025
625260,1055,3,1942,2025
575000,753,2,1942,2026
640000,768,2,1942,2026
816000,2128,2,1948,2025
576300,750,2,1948,2025
618000,738,2,1942,2026
637500,774,2,1948,2025
642600,809,2,1951,2025
661980,1120,2,1947,2025
522638,912,3,1957,2025
499655,1176,3,1926,2025
656370,1021,2,1924,2025
499000,808,2,1950,2026
663000,937,3,1953,2025
655000,1152,3,1949,2026
850000,2332,5,1946,2026
303959,1434,3,1948,2025
670000,736,2,1940,2026
621015,1152,2,1949,2026
609000,966,3,1949,2026
480000,572,3,1934,2026
532440,1267,3,1957,2025
693600,1013,3,1940,2025
490000,980,3,1960,2026
634440,758,2,1949,2025
612000,954,2,1948,2025
637500,778,2,1948,2025
678300,1146,3,1948,2025
591600,946,3,1948,2025
734400,1283,3,1959,2025
754800,1695,3,1959,2025
500000,1283,3,1959,2026
444029,1456,3,1942,2025
765000,2438,3,1943,2025
647700,840,3,1912,2025
540000,672,2,1941,2026
693600,1400,3,1981,2025
535393,806,2,1941,2026
631265,1624,3,1925,2025
575000,1396,3,1927,2026
715000,1181,3,1938,2026
658000,1669,2,1941,2026
713000,2100,3,1946,2026
213591,1061,3,1942,2025
663000,884,2,1925,2025
729300,1361,2,1940,2025
663000,1280,2,1928,2025
210930,834,2,1941,2026
655000,1182,3,1929,2026
636000,1153,2,1928,2026
399103,1783,4,1949,2025
387600,601,2,1926,2025
600000,899,2,1947,2026
612000,1088,3,1922,2025
596700,1022,2,1941,2025
576300,1032,3,1945,2025
540600,600,1,1938,2025
700000,1137,3,1958,2026
714000,1567,4,1939,2025
622200,876,2,1947,2025
642600,1103,3,1947,2025
654840,822,2,1947,2025
595000,816,2,1926,2026
887400,528,1,1925,2025
434563,1092,2,1925,2025
599000,814,2,1944,2026
591600,803,2,1945,2025
516430,1330,3,2005,2025
528910,1076,3,1942,2025
601800,900,2,1923,2025
566100,650,2,1948,2025
303082,803,2,1945,2025
586500,758,2,1948,2025
499800,896,2,1954,2025
563000,1008,2,1948,2026
455000,912,3,1924,2026
495000,947,3,1959,2026
484500,872,2,1950,2025
524280,793,3,1952,2025
724600,1537,4,1931,2026
602232,700,2,1926,2025
725000,1556,3,1897,2026
318279,902,2,1949,2026
577000,912,2,1930,2026
433500,722,2,1952,2025
469200,628,2,1928,2025
595119,1488,4,1985,2026
715000,1224,4,1949,2026
560354,1363,3,1989,2025
612000,952,2,1940,2026
75000,,,,2026
375870,897,2,1937,2025
576300,822,2,1947,2025
540600,822,2,1947,2025
675000,1148,3,1947,2026
620160,1314,3,1950,2025
586500,1102,3,1950,2025
451408,1120,2,1955,2025
462060,893,2,1953,2025
581725,1061,2,1942,2026
610000,1202,2,1949,2026
525300,937,3,1955,2025
586500,1558,3,1985,2025
530400,779,2,1955,2025
480422,814,2,1944,2026
690000,1127,3,1947,2026
348202,1153,3,1947,2026
566100,891,2,1947,2025
586500,862,2,1947,2025
430000,995,2,1948,2026
660000,1063,3,1950,2026
612000,825,3,1940,2025
601800,962,3,1942,2025
618120,1523,3,1947,2025
504900,687,2,1954,2025
555000,741,2,1953,2026
744600,1461,3,1944,2025
6686,,,,2025
440107,1095,3,1952,2025
499417,1136,3,1942,2026
627300,1356,2,1942,2025
627300,831,2,1943,2025
888000,2460,4,1943,2026
637500,1038,2,1943,2025
650000,1263,3,1943,2026
660000,831,2,1943,2026
577320,867,2,1943,2025
217413,831,2,1943,2025
668100,1554,3,1941,2025
415000,874,2,1923,2026
469200,720,2,1923,2025
612000,774,2,1941,2025
344059,432,1,1923,2025
555551,1006,3,1960,2026
316974,829,3,1923,2025
535000,880,2,1900,2026
846600,1937,4,1937,2025
714000,1674,3,1948,2025
754800,1592,2,1941,2025
627300,1442,3,1940,2025
572771,1812,3,1928,2026
635000,2097,5,1938,2026
540600,1612,3,1988,2025
435000,1604,3,1989,2026
545700,1848,3,1989,2025
515100,1612,3,1989,2025
535500,1848,4,1989,2025
387600,1412,4,1913,2025
421008,1137,3,1984,2026
408000,1137,3,1984,2025
352000,949,2,1984,2026
300900,986,2,1986,2025
445000,986,2,1986,2026
442170,1166,3,1986,2025
475000,1341,3,1997,2026
545700,1561,3,1997,2025
641500,1590,4,2025,2026
588500,1590,4,2025,2026
589000,1590,3,2025,2026
540000,1360,3,2025,2026
588500,1590,3,2025,2026
615570,1590,4,2025,2025
348000,1360,3,2025,2026
348000,1360,3,2025,2026
623220,1590,4,2025,2025
559980,1360,3,2025,2025
560490,1360,3,2025,2025
546210,1360,3,2025,2025
687480,1590,4,2025,2025
616590,1590,3,2025,2025
348000,1360,3,2025,2026
348000,1360,3,2025,2026
653000,1590,4,2025,2026
580000,1360,3,2025,2026
650760,1590,3,2025,2025
612510,1360,3,2025,2025
661000,1590,4,2025,2026
587520,1360,3,2025,2025
651780,1590,3,2025,2025
635000,1360,3,2025,2026
597500,1157,3,1947,2026
530500,1201,3,1947,2026
705000,1201,3,1947,2026
530000,1157,3,1947,2026
703800,1722,4,1947,2025
700000,1437,3,1947,2026
612000,1612,3,1947,2025
657900,1044,3,1956,2025
703800,1561,3,1948,2025
663000,1040,3,1956,2025
720000,1129,3,1956,2026
724200,1600,3,1956,2025
663000,1453,3,1956,2025
612000,1044,3,1956,2025
693600,1272,3,1956,2025
688500,1373,3,1988,2025
739500,1581,4,1988,2025
665040,978,2,1938,2025
729300,1570,4,1986,2025
634891,1034,3,1986,2025
624586,1570,4,1986,2026
663000,1398,3,1986,2025
725220,1570,4,1986,2025
678300,1570,4,1986,2025
625000,1562,3,1986,2026
769876,1492,4,1937,2026
969000,1969,4,1955,2025
880000,2972,4,1980,2026
714000,1650,3,1948,2025
663000,1282,4,1918,2025
562188,852,2,1948,2026
785400,1686,3,1957,2025
918000,1908,3,1947,2025
918000,2795,4,1924,2025
515100,1063,3,1949,2025
872100,1620,4,1955,2025
404741,2098,3,1923,2025
918000,2454,3,1980,2025
850000,1588,3,1926,2026
235200,672,2,1924,2025
420000,600,1,1951,2026
652800,1200,4,1971,2025
600000,1008,3,1924,2026
663000,1093,3,1924,2025
620000,945,2,1946,2026
612000,789,2,1949,2025
626155,1018,3,1949,2026
675000,1124,3,1953,2026
673200,769,2,1952,2025
586500,1074,3,1955,2025
479400,800,2,1952,2025
601800,947,2,1947,2025
290000,0,0,0000,2026
530400,784,2,1949,2025
585000,896,2,1923,2026
637500,925,3,1924,2025
663000,988,2,1941,2025
430000,1008,3,1944,2026
693600,1700,3,1950,2025
747660,1000,2,1941,2025
535500,834,2,1923,2025
698700,1118,3,1947,2025
765000,1118,3,1947,2025
520000,1204,3,1928,2026
698700,1288,3,1944,2025
640000,912,1,1939,2026
690000,969,2,1940,2026
683400,1185,2,1940,2025
550000,1040,2,1926,2026
714000,1317,2,1942,2025
601000,1465,2,1940,2026
690000,1302,3,1940,2026
775200,1860,3,1947,2025
500000,1118,3,1947,2026
673200,1158,3,1947,2025
840650,2574,5,1947,2026
702780,2699,5,1947,2025
678300,1662,4,1947,2025
663000,1158,3,1947,2025
674730,1118,3,1947,2025
739500,1298,4,1947,2025
740000,1607,3,1947,2026
334654,1118,3,1947,2025
683400,1158,3,1947,2025
505000,1348,3,1947,2026
749700,1580,4,1947,2025
663000,1578,3,1947,2025
520000,1118,3,1947,2026
635000,2108,3,1958,2026
505000,1310,2,2007,2026
515000,1480,3,2008,2026
543660,1480,3,2008,2025
475000,1240,2,2008,2026
484500,1450,3,2009,2025
527500,1560,3,2009,2026
525000,1450,3,2009,2026
606900,1359,4,1941,2025
561000,1144,3,1923,2025
586500,1443,3,1942,2025
770000,2136,7,1941,2026
620000,1152,2,1927,2026
540000,1088,1,1924,2026
380000,,,,2026
500000,1138,3,1946,2026
612000,1043,3,1944,2025
663000,1104,3,1928,2025
615000,1316,2,1929,2026
582646,1216,3,1928,2026
659000,1330,3,1938,2026
560000,1115,2,1940,2026
580000,986,2,1946,2026
775200,755,2,1938,2025
545700,903,2,1949,2025
618120,1134,3,1946,2025
657900,1625,3,1944,2025
935000,,,,2026
575000,968,2,1949,2026
765000,1470,2,1941,2025
655000,1056,2,1936,2026
635000,1383,2,1938,2026
581400,1150,2,1939,2025
464800,968,2,1926,2026
693600,1125,4,1947,2025
714000,1171,3,1938,2025
471095,816,2,1938,2025
612000,1068,2,1948,2025
398610,1060,2,1951,2025
610000,934,2,1927,2026
515000,1222,3,1961,2026
622200,1040,2,1952,2025
652800,1043,3,1945,2025
912900,2473,3,1924,2025
640000,1076,3,1939,2026
710000,1464,2,1939,2026
730000,1202,3,1946,2026
803000,1725,3,1937,2026
1173000,2296,4,2024,2025
550000,912,2,1924,2026
642600,922,3,1924,2025
647700,918,2,1930,2025
449741,1380,3,1946,2025
585480,912,2,1925,2025
634440,1020,3,1947,2025
596700,1314,3,1947,2025
823140,2010,5,1947,2025
55943,1486,3,1947,2025
665000,1220,4,1947,2026
585000,1346,4,1947,2026
828750,937,2,1947,2025
664000,2462,3,1947,2026
451963,1020,3,1947,2025
528000,1481,3,1947,2026
750000,1242,3,1947,2026
605000,1117,3,1947,2026
642600,986,3,1947,2025
785400,1781,4,1947,2025
614040,1369,4,1944,2025
476113,866,3,1941,2025
576300,918,2,1941,2025
720000,1350,2,1926,2026
673200,1300,4,1948,2025
630000,864,2,1925,2026
443700,895,2,1924,2025
715000,1384,3,1941,2026
543100,1297,3,1939,2026
612000,1033,2,1938,2025
714000,1224,2,1943,2025
525300,1040,2,1929,2025
714000,1176,3,1926,2025
620000,1224,3,1929,2026
542941,1119,3,1941,2026
571200,1080,2,1927,2025
610000,1176,2,1928,2026
712980,1548,3,1925,2025
630000,1143,2,1941,2026
618000,1048,2,1941,2026
670000,1386,3,1937,2026
574000,944,2,1929,2026
495000,684,1,1937,2026
575000,1096,3,1928,2026
510000,864,2,1928,2026
408569,1148,2,1927,2025
700000,960,2,1924,2026
540000,1649,2,1941,2026
775200,1129,1,1941,2025
693600,1331,2,1940,2025
565000,2209,3,1939,2026
607434,1048,2,1927,2025
775200,1518,3,1924,2025
714000,1882,4,1928,2025
805800,1951,2,1928,2025
645000,1224,3,1923,2026
739500,1064,3,1928,2025
739500,1502,3,1939,2025
596700,978,2,1938,2025
550000,2045,3,1929,2026
780000,1701,2,1938,2026
739500,1797,3,1931,2025
683400,1352,2,1936,2025
760000,1353,3,1939,2026
734400,942,2,1926,2025
620000,1208,2,1950,2026
725000,1190,3,1937,2026
805800,2260,3,1947,2025
724200,1412,2,1937,2025
580000,1869,3,1930,2026
765000,2809,4,1926,2025
585480,1432,3,1946,2025
585000,1408,2,1952,2026
545547,1224,2,1929,2025
846600,1328,2,1940,2025
54698,1638,3,1939,2025
585000,1223,2,1924,2026
1250000,4042,4,1951,2026
660000,1362,2,1941,2026
685000,1112,3,1949,2026
650000,836,2,1946,2026
663000,1816,4,1948,2025
765000,1579,3,1928,2025
657900,898,2,1940,2025
494700,884,2,1937,2025
725000,1578,4,1929,2026
535500,1064,2,1938,2025
749700,1693,3,1928,2025
640000,1136,2,1947,2026
678300,936,3,1947,2025
760000,1311,3,1948,2026
880000,2822,6,1950,2026
821100,1068,3,1948,2025
530400,777,2,1947,2025
622200,1108,2,1947,2025
661980,862,2,1959,2025
637500,1084,2,1940,2025
663000,1368,4,1944,2025
229038,1376,4,1928,2025
605000,1015,2,1946,2026
39439,1114,3,1938,2026
622200,898,2,1947,2025
642600,622,2,1941,2025
739500,1616,3,1946,2025
612000,1152,2,1956,2025
518944,847,2,1941,2025
642600,2186,3,1940,2025
714000,1626,3,1949,2025
484500,1244,2,1992,2025
663000,1098,3,1941,2025
489600,1044,2,1928,2025
765000,1474,3,1939,2025
600000,1050,3,1947,2026
708900,1335,2,1929,2025
694620,1179,2,1937,2025
688500,1290,2,1948,2025
688500,989,2,1953,2025
739500,1920,3,2005,2025
720000,1928,3,2005,2026
610000,,,,2026
652800,993,3,1948,2025
703800,1244,4,1948,2025
338905,1673,4,1948,2025
647700,1048,3,1948,2025
910000,1096,3,1948,2026
683400,1248,3,1979,2025
365571,1311,4,1947,2025
688500,872,2,1947,2025
585000,1215,3,1941,2026
669356,1431,3,1941,2025
381252,720,2,1949,2025
663000,1038,2,1955,2025
675000,1657,3,1951,2026
642600,879,2,1941,2025
320473,872,2,1941,2026
542500,1036,3,1949,2026
617100,1036,3,1949,2025
632400,1289,3,1949,2025
770000,1398,3,1949,2026
695640,1016,3,1944,2025
632400,802,2,1948,2025
765000,1303,2,1948,2025
622200,1069,2,1948,2025
459000,1430,4,1943,2025
725000,1177,2,1948,2026
640000,1767,3,1948,2026
555900,1581,3,1950,2025
544473,1703,4,1952,2025
664109,1967,3,1952,2025
781000,1752,3,1953,2026
416681,1440,5,1974,2025
600000,918,2,1940,2026
640000,891,2,1941,2026
663000,930,2,1946,2025
695000,1920,3,1940,2026
